preprocessing_strategy,k,random_state,silhouette_score,davies_bouldin,calinski_harabasz,cluster_sizes,smallest_cluster_size,largest_cluster_size,smallest_cluster_percentage,largest_cluster_percentage
standard,2,42,0.4136161620421256,1.0241144429217235,2522.922185247593,"{""0"": 2432, ""1"": 3446}",2432,3446,41.37461721674039,58.62538278325962
standard,2,7,0.4136161620421256,1.0241144429217235,2522.922185247593,"{""0"": 3446, ""1"": 2432}",2432,3446,41.37461721674039,58.62538278325962
standard,2,21,0.4136161620421256,1.0241144429217235,2522.922185247593,"{""0"": 2432, ""1"": 3446}",2432,3446,41.37461721674039,58.62538278325962
standard,2,84,0.4136161620421256,1.0241144429217235,2522.922185247593,"{""0"": 3446, ""1"": 2432}",2432,3446,41.37461721674039,58.62538278325962
standard,2,123,0.4135933886398006,1.0240374825515433,2522.924811915944,"{""0"": 3444, ""1"": 2434}",2434,3444,41.408642395372574,58.591357604627426
standard,3,42,0.41894159607004533,0.8875440687092268,3011.077695682232,"{""0"": 3339, ""1"": 2525, ""2"": 14}",14,3339,0.23817625042531473,56.80503572643756
standard,3,7,0.41894159607004533,0.8875440687092268,3011.077695682232,"{""0"": 3339, ""1"": 2525, ""2"": 14}",14,3339,0.23817625042531473,56.80503572643756
standard,3,21,0.41894159607004533,0.8875440687092268,3011.077695682232,"{""0"": 2525, ""1"": 3339, ""2"": 14}",14,3339,0.23817625042531473,56.80503572643756
standard,3,84,0.41894159607004533,0.8875440687092268,3011.077695682232,"{""0"": 3339, ""1"": 2525, ""2"": 14}",14,3339,0.23817625042531473,56.80503572643756
standard,3,123,0.41894159607004533,0.8875440687092269,3011.077695682232,"{""0"": 3339, ""1"": 14, ""2"": 2525}",14,3339,0.23817625042531473,56.80503572643756
standard,4,42,0.37922779257854855,0.9142018617805587,3071.8216830537935,"{""0"": 1867, ""1"": 14, ""2"": 1691, ""3"": 2306}",14,2306,0.23817625042531473,39.231030962912556
standard,4,7,0.37923383130423816,0.9141350138100771,3071.823656520974,"{""0"": 2308, ""1"": 14, ""2"": 1691, ""3"": 1865}",14,2308,0.23817625042531473,39.26505614154474
standard,4,21,0.3792718260290655,0.9137434463766194,3071.808835997704,"{""0"": 2307, ""1"": 1694, ""2"": 14, ""3"": 1863}",14,2307,0.23817625042531473,39.24804355222865
standard,4,84,0.3792718260290655,0.9137434463766194,3071.808835997703,"{""0"": 1694, ""1"": 2307, ""2"": 1863, ""3"": 14}",14,2307,0.23817625042531473,39.24804355222865
standard,4,123,0.37923383130423816,0.914135013810077,3071.8236565209745,"{""0"": 1865, ""1"": 2308, ""2"": 14, ""3"": 1691}",14,2308,0.23817625042531473,39.26505614154474
standard,5,42,0.4184058615141755,0.8894510151426278,3191.5630686072227,"{""0"": 435, ""1"": 1600, ""2"": 11, ""3"": 1798, ""4"": 2034}",11,2034,0.187138482477033,34.60360666893501
standard,5,7,0.4185932155995319,0.8882252186672657,3191.6625233602513,"{""0"": 452, ""1"": 1584, ""2"": 11, ""3"": 1795, ""4"": 2036}",11,2036,0.187138482477033,34.6376318475672
standard,5,21,0.4185932155995319,0.8882252186672656,3191.6625233602513,"{""0"": 1584, ""1"": 452, ""2"": 2036, ""3"": 1795, ""4"": 11}",11,2036,0.187138482477033,34.6376318475672
standard,5,84,0.4185444427081642,0.8882164695133078,3191.6535768407402,"{""0"": 1584, ""1"": 453, ""2"": 11, ""3"": 1795, ""4"": 2035}",11,2035,0.187138482477033,34.620619258251104
standard,5,123,0.4185932155995319,0.8882252186672657,3191.6625233602513,"{""0"": 2036, ""1"": 1795, ""2"": 1584, ""3"": 11, ""4"": 452}",11,2036,0.187138482477033,34.6376318475672
standard,6,42,0.4203637373486803,0.8914307673624862,3290.624109275312,"{""0"": 1570, ""1"": 492, ""2"": 1999, ""3"": 20, ""4"": 4, ""5"": 1793}",4,1999,0.06805035726437564,34.00816604287172
standard,6,7,0.41867334803031264,0.894201929100375,3290.1643436986783,"{""0"": 1957, ""1"": 1563, ""2"": 20, ""3"": 544, ""4"": 4, ""5"": 1790}",4,1957,0.06805035726437564,33.29363729159578
standard,6,21,0.4204137862516306,0.8913857127991548,3290.601304525429,"{""0"": 1793, ""1"": 1570, ""2"": 20, ""3"": 490, ""4"": 4, ""5"": 2001}",4,2001,0.06805035726437564,34.04219122150391
standard,6,84,0.4203637373486803,0.8914307673624862,3290.624109275313,"{""0"": 1793, ""1"": 492, ""2"": 1999, ""3"": 4, ""4"": 1570, ""5"": 20}",4,1999,0.06805035726437564,34.00816604287172
standard,6,123,0.41901378725507127,0.8936109117323238,3277.4830866673888,"{""0"": 1947, ""1"": 1790, ""2"": 4, ""3"": 24, ""4"": 551, ""5"": 1562}",4,1947,0.06805035726437564,33.12351139843484
standard,7,42,0.41885600632933906,0.8494987491775747,3325.2260165581733,"{""0"": 1862, ""1"": 1790, ""2"": 8, ""3"": 611, ""4"": 1552, ""5"": 2, ""6"": 53}",2,1862,0.03402517863218782,31.677441306566863
standard,7,7,0.42015690218891877,0.8324271340187221,3330.1678034472457,"{""0"": 1563, ""1"": 30, ""2"": 1928, ""3"": 1790, ""4"": 8, ""5"": 2, ""6"": 557}",2,1928,0.03402517863218782,32.80027220142906
standard,7,21,0.41893411348603543,0.849348690915508,3325.226097558,"{""0"": 1864, ""1"": 1790, ""2"": 53, ""3"": 1550, ""4"": 2, ""5"": 8, ""6"": 611}",2,1864,0.03402517863218782,31.711466485199047
standard,7,84,0.4197448949254114,0.8342391740932485,3331.686808843931,"{""0"": 1895, ""1"": 1790, ""2"": 593, ""3"": 31, ""4"": 8, ""5"": 1559, ""6"": 2}",2,1895,0.03402517863218782,32.23885675399796
standard,7,123,0.41976007837151885,0.8327335852187413,3331.2800546618737,"{""0"": 1898, ""1"": 1790, ""2"": 1559, ""3"": 30, ""4"": 591, ""5"": 8, ""6"": 2}",2,1898,0.03402517863218782,32.28989452194624
standard,8,42,0.40159963666424603,0.9065622740573576,3278.834707938918,"{""0"": 1771, ""1"": 183, ""2"": 1589, ""3"": 23, ""4"": 813, ""5"": 3, ""6"": 1493, ""7"": 3}",3,1771,0.05103776794828172,30.129295678802315
standard,8,7,0.40243561622034235,0.907217571561042,3276.6122211521574,"{""0"": 1771, ""1"": 1493, ""2"": 811, ""3"": 2, ""4"": 1588, ""5"": 8, ""6"": 30, ""7"": 175}",2,1771,0.03402517863218782,30.129295678802315
standard,8,21,0.4022560564180016,0.906999981432222,3277.072547538261,"{""0"": 1587, ""1"": 1771, ""2"": 29, ""3"": 1495, ""4"": 175, ""5"": 811, ""6"": 8, ""7"": 2}",2,1771,0.03402517863218782,30.129295678802315
standard,8,84,0.4018724171382716,0.9061547030449466,3278.840254927368,"{""0"": 1495, ""1"": 181, ""2"": 1590, ""3"": 3, ""4"": 23, ""5"": 1771, ""6"": 3, ""7"": 812}",3,1771,0.05103776794828172,30.129295678802315
standard,8,123,0.4015039999405256,0.9060993056664011,3278.8588796431595,"{""0"": 1495, ""1"": 812, ""2"": 183, ""3"": 3, ""4"": 1588, ""5"": 3, ""6"": 23, ""7"": 1771}",3,1771,0.05103776794828172,30.129295678802315
log_standard,2,42,0.41294490422523467,0.9124208116076564,5989.940204631603,"{""0"": 3181, ""1"": 2697}",2697,3181,45.882953385505274,54.117046614494726
log_standard,2,7,0.41296605056385477,0.9125943348166968,5989.932653019035,"{""0"": 3176, ""1"": 2702}",2702,3176,45.968016332085746,54.031983667914254
log_standard,2,21,0.41296605056385477,0.9125943348166968,5989.932653019035,"{""0"": 3176, ""1"": 2702}",2702,3176,45.968016332085746,54.031983667914254
log_standard,2,84,0.41296605056385477,0.9125943348166968,5989.932653019035,"{""0"": 3176, ""1"": 2702}",2702,3176,45.968016332085746,54.031983667914254
log_standard,2,123,0.41296605056385477,0.9125943348166968,5989.932653019035,"{""0"": 3176, ""1"": 2702}",2702,3176,45.968016332085746,54.031983667914254
log_standard,3,42,0.31104915168375646,1.1229671800563585,4856.58754912021,"{""0"": 1520, ""1"": 2132, ""2"": 2226}",1520,2226,25.859135760462742,37.87002381762504
log_standard,3,7,0.31114472053107767,1.120880677573003,4856.196040110999,"{""0"": 2152, ""1"": 2219, ""2"": 1507}",1507,2219,25.637972099353522,37.750935692412384
log_standard,3,21,0.3110859461917162,1.122524113350887,4856.586572473444,"{""0"": 1518, ""1"": 2227, ""2"": 2133}",1518,2227,25.825110581830558,37.887036406941135
log_standard,3,84,0.31114472053107767,1.120880677573003,4856.196040110999,"{""0"": 2219, ""1"": 2152, ""2"": 1507}",1507,2219,25.637972099353522,37.750935692412384
log_standard,3,123,0.31114472053107767,1.120880677573003,4856.196040110999,"{""0"": 1507, ""1"": 2219, ""2"": 2152}",1507,2219,25.637972099353522,37.750935692412384
log_standard,4,42,0.2935412421897503,1.1302531804078504,4343.732933219936,"{""0"": 1180, ""1"": 1223, ""2"": 1511, ""3"": 1964}",1180,1964,20.074855392990813,33.412725416808435
log_standard,4,7,0.2933596321773085,1.1304325231123382,4343.9061839087735,"{""0"": 1964, ""1"": 1513, ""2"": 1216, ""3"": 1185}",1185,1964,20.159918339571284,33.412725416808435
log_standard,4,21,0.29335305832793873,1.1304975883625872,4343.8921712450565,"{""0"": 1964, ""1"": 1513, ""2"": 1217, ""3"": 1184}",1184,1964,20.14290575025519,33.412725416808435
log_standard,4,84,0.2933596321773085,1.1304325231123382,4343.9061839087735,"{""0"": 1513, ""1"": 1216, ""2"": 1964, ""3"": 1185}",1185,1964,20.159918339571284,33.412725416808435
log_standard,4,123,0.2934431717549441,1.1303186249501382,4343.863641364094,"{""0"": 1967, ""1"": 1217, ""2"": 1511, ""3"": 1183}",1183,1967,20.125893160939096,33.463763184756715
log_standard,5,42,0.29074180522665244,1.0918833652579956,3962.378017566419,"{""0"": 1035, ""1"": 1661, ""2"": 1195, ""3"": 1094, ""4"": 893}",893,1661,15.192242259271863,28.25791085403198
log_standard,5,7,0.29073794887758825,1.0909858641295211,3962.3626078982684,"{""0"": 1659, ""1"": 890, ""2"": 1194, ""3"": 1032, ""4"": 1103}",890,1659,15.14120449132358,28.223885675399796
log_standard,5,21,0.29078152428815246,1.0906407027426677,3962.3868222791903,"{""0"": 1034, ""1"": 1094, ""2"": 1663, ""3"": 1197, ""4"": 890}",890,1663,15.14120449132358,28.29193603266417
log_standard,5,84,0.2910869382574699,1.0906108820849245,3962.3314323510876,"{""0"": 1198, ""1"": 1094, ""2"": 1662, ""3"": 888, ""4"": 1036}",888,1662,15.107179312691391,28.274923443348076
log_standard,5,123,0.2906942287564306,1.0918315123636468,3962.359657702741,"{""0"": 1662, ""1"": 895, ""2"": 1036, ""3"": 1093, ""4"": 1192}",895,1662,15.226267437904047,28.274923443348076
log_standard,6,42,0.2610503844420319,1.1849252328766176,3647.75407969497,"{""0"": 956, ""1"": 580, ""2"": 988, ""3"": 1282, ""4"": 1222, ""5"": 850}",580,1282,9.867301803334467,21.810139503232392
log_standard,6,7,0.26094375974451417,1.1863751620263339,3647.7487443875757,"{""0"": 850, ""1"": 1222, ""2"": 955, ""3"": 585, ""4"": 1278, ""5"": 988}",585,1278,9.952364749914937,21.742089145968016
log_standard,6,21,0.26083156365412685,1.1877802704660503,3647.7177727232533,"{""0"": 851, ""1"": 1224, ""2"": 953, ""3"": 988, ""4"": 1272, ""5"": 590}",590,1272,10.037427696495406,21.640013610071453
log_standard,6,84,0.26093320121202834,1.1862848144544669,3647.7493256504254,"{""0"": 988, ""1"": 1221, ""2"": 850, ""3"": 955, ""4"": 585, ""5"": 1279}",585,1279,9.952364749914937,21.759101735284112
log_standard,6,123,0.2607040339662655,1.187702623594679,3647.7287760099257,"{""0"": 593, ""1"": 1273, ""2"": 1228, ""3"": 848, ""4"": 948, ""5"": 988}",593,1273,10.088465464443688,21.65702619938755
log_standard,7,42,0.26063741907495813,1.1658955319500026,3428.3406346968727,"{""0"": 830, ""1"": 1114, ""2"": 534, ""3"": 967, ""4"": 706, ""5"": 849, ""6"": 878}",534,1114,9.084722694794149,18.952024498128615
log_standard,7,7,0.26094807163907163,1.1658388760194887,3428.373608593443,"{""0"": 872, ""1"": 535, ""2"": 831, ""3"": 968, ""4"": 1116, ""5"": 708, ""6"": 848}",535,1116,9.101735284110243,18.986049676760803
log_standard,7,21,0.2610487634781144,1.1665853641254844,3428.265643706429,"{""0"": 848, ""1"": 716, ""2"": 535, ""3"": 965, ""4"": 861, ""5"": 834, ""6"": 1119}",535,1119,9.101735284110243,19.037087444709087
log_standard,7,84,0.26078359123398576,1.1669385203191334,3428.3308871452386,"{""0"": 873, ""1"": 535, ""2"": 962, ""3"": 833, ""4"": 851, ""5"": 1116, ""6"": 708}",535,1116,9.101735284110243,18.986049676760803
log_standard,7,123,0.26081423655995206,1.1666162275819467,3428.340076376628,"{""0"": 963, ""1"": 872, ""2"": 1116, ""3"": 833, ""4"": 851, ""5"": 535, ""6"": 708}",535,1116,9.101735284110243,18.986049676760803
log_standard,8,42,0.2540226635409349,1.1842216593900845,3244.1259882481363,"{""0"": 711, ""1"": 430, ""2"": 533, ""3"": 802, ""4"": 1106, ""5"": 859, ""6"": 632, ""7"": 805}",430,1106,7.31541340592038,18.815923783599864
log_standard,8,7,0.253956497957423,1.1856033217412385,3244.113572360452,"{""0"": 802, ""1"": 1104, ""2"": 856, ""3"": 434, ""4"": 533, ""5"": 803, ""6"": 633, ""7"": 713}",434,1104,7.383463763184757,18.781898604967676
log_standard,8,21,0.2539768694204816,1.1859365667661186,3244.1022037339717,"{""0"": 860, ""1"": 1104, ""2"": 803, ""3"": 533, ""4"": 713, ""5"": 629, ""6"": 802, ""7"": 434}",434,1104,7.383463763184757,18.781898604967676
log_standard,8,84,0.25403312165018427,1.1852604635050281,3244.0714570002965,"{""0"": 711, ""1"": 431, ""2"": 802, ""3"": 856, ""4"": 635, ""5"": 533, ""6"": 806, ""7"": 1104}",431,1104,7.332425995236474,18.781898604967676
log_standard,8,123,0.25397606960360136,1.1854788225814652,3244.1147369806777,"{""0"": 632, ""1"": 802, ""2"": 803, ""3"": 1104, ""4"": 434, ""5"": 533, ""6"": 713, ""7"": 857}",434,1104,7.383463763184757,18.781898604967676
log_robust,2,42,0.40548998837053174,0.9205056520472129,5845.1399977184965,"{""0"": 2778, ""1"": 3100}",2778,3100,47.26097312010888,52.739026879891114
log_robust,2,7,0.40548998837053174,0.9205056520472129,5845.1399977184965,"{""0"": 2778, ""1"": 3100}",2778,3100,47.26097312010888,52.739026879891114
log_robust,2,21,0.40548998837053174,0.9205056520472129,5845.1399977184965,"{""0"": 2778, ""1"": 3100}",2778,3100,47.26097312010888,52.739026879891114
log_robust,2,84,0.40548998837053174,0.9205056520472129,5845.1399977184965,"{""0"": 3100, ""1"": 2778}",2778,3100,47.26097312010888,52.739026879891114
log_robust,2,123,0.40548998837053174,0.9205056520472129,5845.1399977184965,"{""0"": 2778, ""1"": 3100}",2778,3100,47.26097312010888,52.739026879891114
log_robust,3,42,0.31013500382789727,1.1056465966454228,4826.679699489557,"{""0"": 1479, ""1"": 2328, ""2"": 2071}",1479,2328,25.161619598502895,39.605307927866626
log_robust,3,7,0.31013500382789727,1.105646596645423,4826.679699489557,"{""0"": 2071, ""1"": 2328, ""2"": 1479}",1479,2328,25.161619598502895,39.605307927866626
log_robust,3,21,0.3101603401451661,1.1054637681271635,4826.689404580542,"{""0"": 1478, ""1"": 2072, ""2"": 2328}",1478,2328,25.1446070091868,39.605307927866626
log_robust,3,84,0.31026694644285546,1.1039889380138164,4826.673634289061,"{""0"": 2330, ""1"": 2077, ""2"": 1471}",1471,2330,25.02551888397414,39.63933310649881
log_robust,3,123,0.3101078442488251,1.1058496364086077,4826.639406619161,"{""0"": 2328, ""1"": 1481, ""2"": 2069}",1481,2328,25.19564477713508,39.605307927866626
log_robust,4,42,0.2832192757636838,1.1896681487836005,4099.389463025951,"{""0"": 1140, ""1"": 1284, ""2"": 1382, ""3"": 2072}",1140,2072,19.394351820347055,35.25008506294658
log_robust,4,7,0.28321531762037794,1.1893168606258804,4099.416651469386,"{""0"": 1140, ""1"": 1280, ""2"": 1382, ""3"": 2076}",1140,2076,19.394351820347055,35.31813542021096
log_robust,4,21,0.283252260948089,1.188623883858532,4099.432796034763,"{""0"": 1275, ""1"": 1383, ""2"": 2081, ""3"": 1139}",1139,2081,19.377339231030962,35.40319836679143
log_robust,4,84,0.28342738627811653,1.1899263392319293,4098.739292792129,"{""0"": 1313, ""1"": 2062, ""2"": 1129, ""3"": 1374}",1129,2062,19.207213337870023,35.07995916978564
log_robust,4,123,0.28321531762037794,1.1893168606258806,4099.416651469386,"{""0"": 2076, ""1"": 1382, ""2"": 1280, ""3"": 1140}",1140,2076,19.394351820347055,35.31813542021096
log_robust,5,42,0.2805600798895596,1.0938781921614467,3773.2905795492948,"{""0"": 1092, ""1"": 914, ""2"": 981, ""3"": 1752, ""4"": 1139}",914,1752,15.549506634909832,29.806056481796528
log_robust,5,7,0.28074178372153435,1.0982763366228425,3772.8454711353766,"{""0"": 1146, ""1"": 1081, ""2"": 949, ""3"": 959, ""4"": 1743}",949,1743,16.14494726097312,29.652943177951684
log_robust,5,21,0.27918668821328235,1.0975162474267417,3773.215874121122,"{""0"": 1079, ""1"": 972, ""2"": 915, ""3"": 1170, ""4"": 1742}",915,1742,15.566519224225928,29.63593058863559
log_robust,5,84,0.27962516082737204,1.0948241417178934,3773.23921645949,"{""0"": 1151, ""1"": 1081, ""2"": 1755, ""3"": 912, ""4"": 979}",912,1755,15.515481456277646,29.857094249744808
log_robust,5,123,0.2805077436249327,1.093247513474854,3773.3910729676363,"{""0"": 1085, ""1"": 980, ""2"": 1758, ""3"": 914, ""4"": 1141}",914,1758,15.549506634909832,29.908132017693095
log_robust,6,42,0.25248175870536416,1.1732756533666753,3484.4073217169325,"{""0"": 895, ""1"": 945, ""2"": 559, ""3"": 1237, ""4"": 867, ""5"": 1375}",559,1375,9.510037427696496,23.392310309629124
log_robust,6,7,0.25251498593965654,1.1721525840249083,3484.3968760834655,"{""0"": 864, ""1"": 1383, ""2"": 897, ""3"": 945, ""4"": 1235, ""5"": 554}",554,1383,9.424974481116026,23.528411024157876
log_robust,6,21,0.25251498593965654,1.1721525840249083,3484.3968760834655,"{""0"": 864, ""1"": 897, ""2"": 945, ""3"": 554, ""4"": 1383, ""5"": 1235}",554,1383,9.424974481116026,23.528411024157876
log_robust,6,84,0.25251498593965654,1.1721525840249083,3484.3968760834655,"{""0"": 1383, ""1"": 554, ""2"": 945, ""3"": 1235, ""4"": 897, ""5"": 864}",554,1383,9.424974481116026,23.528411024157876
log_robust,6,123,0.25251498593965654,1.1721525840249083,3484.3968760834655,"{""0"": 1235, ""1"": 897, ""2"": 945, ""3"": 1383, ""4"": 554, ""5"": 864}",554,1383,9.424974481116026,23.528411024157876
log_robust,7,42,0.2484197135157141,1.200959684838622,3253.6320890635498,"{""0"": 955, ""1"": 516, ""2"": 729, ""3"": 830, ""4"": 1266, ""5"": 1142, ""6"": 440}",440,1266,7.48553929908132,21.53793807417489
log_robust,7,7,0.24858771077742,1.1982154471292923,3253.9398124707245,"{""0"": 1124, ""1"": 440, ""2"": 508, ""3"": 830, ""4"": 726, ""5"": 1283, ""6"": 967}",440,1283,7.48553929908132,21.827152092548484
log_robust,7,21,0.2489004865412526,1.199335864302345,3252.786060736465,"{""0"": 1283, ""1"": 844, ""2"": 1093, ""3"": 731, ""4"": 444, ""5"": 494, ""6"": 989}",444,1283,7.553589656345696,21.827152092548484
log_robust,7,84,0.24889029020298112,1.1988268657864933,3253.1143227883213,"{""0"": 1101, ""1"": 843, ""2"": 1279, ""3"": 499, ""4"": 726, ""5"": 988, ""6"": 442}",442,1279,7.519564477713509,21.759101735284112
log_robust,7,123,0.2484780704408536,1.1993231325655738,3253.6852916881894,"{""0"": 440, ""1"": 1139, ""2"": 721, ""3"": 513, ""4"": 1274, ""5"": 961, ""6"": 830}",440,1274,7.48553929908132,21.67403878870364
log_robust,8,42,0.24854447446034575,1.2053203283900216,3077.778131443728,"{""0"": 643, ""1"": 523, ""2"": 809, ""3"": 418, ""4"": 719, ""5"": 1105, ""6"": 870, ""7"": 791}",418,1105,7.111262334127254,18.79891119428377
log_robust,8,7,0.24855120977268075,1.2073402967787106,3078.034687285118,"{""0"": 522, ""1"": 645, ""2"": 425, ""3"": 783, ""4"": 1109, ""5"": 817, ""6"": 712, ""7"": 865}",425,1109,7.2303504593399115,18.866961551548144
log_robust,8,21,0.2486229325660791,1.207017206773293,3078.0380603326757,"{""0"": 522, ""1"": 815, ""2"": 1110, ""3"": 647, ""4"": 712, ""5"": 783, ""6"": 423, ""7"": 866}",423,1110,7.1963252807077245,18.88397414086424
log_robust,8,84,0.24856442416889912,1.207374808016484,3078.0412602066253,"{""0"": 1109, ""1"": 711, ""2"": 522, ""3"": 647, ""4"": 821, ""5"": 779, ""6"": 866, ""7"": 423}",423,1109,7.1963252807077245,18.866961551548144
log_robust,8,123,0.24859703734789002,1.209012371020306,3078.027905997988,"{""0"": 646, ""1"": 1106, ""2"": 710, ""3"": 520, ""4"": 866, ""5"": 785, ""6"": 821, ""7"": 424}",424,1106,7.2133378700238175,18.815923783599864
